rating,quantidade,percent
4.0,5561926,27.80926430817435
3.0,4291193,21.45568285777042
5.0,2898660,14.493109415611185
3.5,2200156,11.000635341645257
4.5,1534824,7.67401908664901
2.0,1430997,7.1548909131844916
outros,2082507,10.412398076965287
